"week","state","SumOfnew_case","SumOfSeries_Complete_Yes"
-2,"AK",3102.00,2.00
-2,"AL",29192.00,121.00
-2,"AR",15862.00,6.00
-2,"AZ",45663.00,2.00
-2,"CA",279629.00,36.00
-2,"CO",20964.00,18.00
-2,"CT",16021.00,22.00
-2,"DC",1699.00,0.00
-2,"DE",5387.00,0.00
-2,"FL",75068.00,96.00
-2,"GA",44260.00,1.00
-2,"HI",830.00,0.00
-2,"IA",10996.00,5.00
-2,"ID",8437.00,0.00
-2,"IL",52679.00,17.00
-2,"IN",38395.00,5.00
-2,"KS",15132.00,1.00
-2,"KY",19608.00,1.00
-2,"LA",18243.00,0.00
-2,"MA",33545.00,2.00
-2,"MD",16161.00,4.00
-2,"ME",3042.00,2.00
-2,"MI",21353.00,2.00
-2,"MN",19237.00,0.00
-2,"MO",24498.00,5.00
-2,"MS",14686.00,2.00
-2,"MT",3975.00,6.00
-2,"NC",44613.00,1.00
-2,"ND",2168.00,3.00
-2,"NE",7754.00,18.00
-2,"NH",5365.00,0.00
-2,"NJ",35276.00,0.00
-2,"NM",10572.00,3.00
-2,"NV",17907.00,0.00
-2,"NY",47564.00,29.00
-2,"OH",60968.00,1.00
-2,"OK",23637.00,22.00
-2,"OR",8975.00,0.00
-2,"PA",67434.00,8.00
-2,"RI",6245.00,0.00
-2,"SC",22659.00,0.00
-2,"SD",3929.00,0.00
-2,"TN",48622.00,2.00
-2,"TX",109514.00,0.00
-2,"UT",17149.00,0.00
-2,"VA",24939.00,0.00
-2,"VT",664.00,1.00
-2,"WA",16713.00,0.00
-2,"WI",24688.00,16.00
-2,"WV",9064.00,0.00
-2,"WY",2581.00,3.00
-1,"AK",1735.00,142.00
-1,"AL",24714.00,927.00
-1,"AR",13855.00,338.00
-1,"AZ",44831.00,283.00
-1,"CA",260848.00,2081.00
-1,"CO",17021.00,272.00
-1,"CT",9961.00,122.00
-1,"DC",1368.00,523.00
-1,"DE",4579.00,28.00
-1,"FL",69709.00,1186.00
-1,"GA",46488.00,275.00
-1,"HI",846.00,0.00
-1,"IA",8170.00,41.00
-1,"ID",6718.00,9.00
-1,"IL",39775.00,1048.00
-1,"IN",34234.00,468.00
-1,"KS",9263.00,41.00
-1,"KY",14829.00,140.00
-1,"LA",14065.00,747.00
-1,"MA",30332.00,101.00
-1,"MD",16390.00,208.00
-1,"ME",2932.00,43.00
-1,"MI",16486.00,85.00
-1,"MN",11910.00,55.00
-1,"MO",19819.00,163.00
-1,"MS",12311.00,58.00
-1,"MT",2814.00,133.00
-1,"NC",35583.00,25.00
-1,"ND",1426.00,21.00
-1,"NE",5944.00,184.00
-1,"NH",4324.00,0.00
-1,"NJ",35493.00,66.00
-1,"NM",8296.00,122.00
-1,"NV",13795.00,25.00
-1,"NY",49244.00,751.00
-1,"OH",50239.00,258.00
-1,"OK",20938.00,323.00
-1,"OR",6512.00,3.00
-1,"PA",56715.00,750.00
-1,"RI",5184.00,2.00
-1,"SC",24553.00,10.00
-1,"SD",2627.00,6.00
-1,"TN",36973.00,2529.00
-1,"TX",86663.00,0.00
-1,"UT",15108.00,256.00
-1,"VA",26728.00,252.00
-1,"VT",582.00,52.00
-1,"WA",14059.00,103.00
-1,"WI",15343.00,149.00
-1,"WV",8962.00,12.00
-1,"WY",1658.00,41.00
0,"AK",2136.00,375.00
0,"AL",31615.00,1142.00
0,"AR",17473.00,623.00
0,"AZ",46130.00,958.00
0,"CA",279460.00,4881.00
0,"CO",15553.00,838.00
0,"CT",17377.00,243.00
0,"DC",1799.00,832.00
0,"DE",4579.00,76.00
0,"FL",87941.00,11664.00
0,"GA",56334.00,1630.00
0,"HI",880.00,0.00
0,"IA",8924.00,65.00
0,"ID",6412.00,355.00
0,"IL",41210.00,2830.00
0,"IN",31153.00,1403.00
0,"KS",18056.00,123.00
0,"KY",20117.00,990.00
0,"LA",18776.00,1632.00
0,"MA",34579.00,299.00
0,"MD",18121.00,651.00
0,"ME",3709.00,213.00
0,"MI",19755.00,427.00
0,"MN",11287.00,279.00
0,"MO",24842.00,346.00
0,"MS",16120.00,188.00
0,"MT",2511.00,498.00
0,"NC",55749.00,116.00
0,"ND",1576.00,34.00
0,"NE",6933.00,503.00
0,"NH",5251.00,0.00
0,"NJ",33401.00,394.00
0,"NM",8153.00,404.00
0,"NV",13218.00,90.00
0,"NY",59104.00,3414.00
0,"OH",50005.00,1524.00
0,"OK",26875.00,561.00
0,"OR",8022.00,31.00
0,"PA",52197.00,2463.00
0,"RI",7112.00,15.00
0,"SC",31728.00,80.00
0,"SD",2866.00,18.00
0,"TN",46958.00,6009.00
0,"TX",116695.00,0.00
0,"UT",17576.00,1211.00
0,"VA",30189.00,772.00
0,"VT",666.00,122.00
0,"WA",16198.00,439.00
0,"WI",17630.00,269.00
0,"WV",9150.00,37.00
0,"WY",1427.00,187.00
1,"AK",2041.00,4867.00
1,"AL",30563.00,8450.00
1,"AR",20304.00,859.00
1,"AZ",68216.00,12382.00
1,"CA",293100.00,72194.00
1,"CO",19775.00,28640.00
1,"CT",15874.00,4780.00
1,"DC",1948.00,3635.00
1,"DE",5908.00,1353.00
1,"FL",107520.00,71104.00
1,"GA",63730.00,12579.00
1,"HI",1183.00,0.00
1,"IA",12023.00,5282.00
1,"ID",7036.00,4062.00
1,"IL",48687.00,29800.00
1,"IN",35554.00,13248.00
1,"KS",14577.00,9407.00
1,"KY",27024.00,9061.00
1,"LA",26156.00,23452.00
1,"MA",42954.00,13685.00
1,"MD",21355.00,9552.00
1,"ME",3708.00,5777.00
1,"MI",19854.00,10949.00
1,"MN",16581.00,7179.00
1,"MO",27494.00,15513.00
1,"MS",16290.00,7394.00
1,"MT",4158.00,6785.00
1,"NC",66122.00,20049.00
1,"ND",1675.00,6013.00
1,"NE",7365.00,15356.00
1,"NH",5687.00,283.00
1,"NJ",39636.00,14178.00
1,"NM",9575.00,13255.00
1,"NV",17438.00,8215.00
1,"NY",69035.00,42175.00
1,"OH",56304.00,12277.00
1,"OK",25979.00,19218.00
1,"OR",8128.00,4662.00
1,"PA",56018.00,23752.00
1,"RI",8058.00,2629.00
1,"SC",40269.00,3995.00
1,"SD",3072.00,6324.00
1,"TN",46939.00,18423.00
1,"TX",161305.00,0.00
1,"UT",22069.00,4947.00
1,"VA",35091.00,20575.00
1,"VT",994.00,787.00
1,"WA",18469.00,13309.00
1,"WI",24482.00,12377.00
1,"WV",10451.00,27305.00
1,"WY",2146.00,1557.00
2,"AK",1693.00,49776.00
2,"AL",21228.00,78248.00
2,"AR",18432.00,72237.00
2,"AZ",59577.00,127476.00
2,"CA",234967.00,1083143.00
2,"CO",14536.00,291885.00
2,"CT",17428.00,47176.00
2,"DC",2080.00,20425.00
2,"DE",5252.00,22413.00
2,"FL",93251.00,452398.00
2,"GA",60811.00,122354.00
2,"HI",1004.00,0.00
2,"IA",8917.00,58377.00
2,"ID",6041.00,52018.00
2,"IL",40628.00,515009.00
2,"IN",28573.00,230636.00
2,"KS",13812.00,93494.00
2,"KY",23227.00,70114.00
2,"LA",23422.00,167141.00
2,"MA",38591.00,180359.00
2,"MD",19771.00,100373.00
2,"ME",4261.00,47441.00
2,"MI",15027.00,247042.00
2,"MN",10634.00,131891.00
2,"MO",18360.00,170779.00
2,"MS",13381.00,48751.00
2,"MT",2954.00,51899.00
2,"NC",50469.00,252149.00
2,"ND",1148.00,43849.00
2,"NE",5294.00,88462.00
2,"NH",5074.00,5187.00
2,"NJ",42907.00,184212.00
2,"NM",7939.00,119761.00
2,"NV",13781.00,76927.00
2,"NY",66631.00,364829.00
2,"OH",50530.00,91626.00
2,"OK",19432.00,165988.00
2,"OR",7936.00,75744.00
2,"PA",48467.00,337538.00
2,"RI",6109.00,37281.00
2,"SC",34311.00,82866.00
2,"SD",2377.00,61141.00
2,"TN",29456.00,185009.00
2,"TX",159009.00,0.00
2,"UT",18529.00,48234.00
2,"VA",40449.00,172577.00
2,"VT",1023.00,16931.00
2,"WA",16622.00,172926.00
2,"WI",18141.00,119835.00
2,"WV",8346.00,114459.00
2,"WY",2349.00,14772.00
3,"AK",1399.00,87663.00
3,"AL",18536.00,152769.00
3,"AR",12817.00,189566.00
3,"AZ",48477.00,322301.00
3,"CA",160676.00,2137878.00
3,"CO",11483.00,399092.00
3,"CT",14393.00,126737.00
3,"DC",1540.00,35094.00
3,"DE",4376.00,45865.00
3,"FL",78123.00,908120.00
3,"GA",52495.00,276102.00
3,"HI",762.00,0.00
3,"IA",7814.00,119959.00
3,"ID",4049.00,94311.00
3,"IL",33860.00,811595.00
3,"IN",21554.00,498122.00
3,"KS",10519.00,148361.00
3,"KY",20734.00,140083.00
3,"LA",15402.00,265904.00
3,"MA",30367.00,332484.00
3,"MD",15007.00,231437.00
3,"ME",3228.00,86847.00
3,"MI",12888.00,594741.00
3,"MN",8761.00,351872.00
3,"MO",14396.00,361789.00
3,"MS",11594.00,88858.00
3,"MT",2354.00,79865.00
3,"NC",41442.00,496794.00
3,"ND",953.00,67988.00
3,"NE",5945.00,128938.00
3,"NH",5631.00,10290.00
3,"NJ",35447.00,378605.00
3,"NM",5686.00,213987.00
3,"NV",9623.00,132816.00
3,"NY",54431.00,846097.00
3,"OH",38334.00,287109.00
3,"OK",16510.00,253655.00
3,"OR",5188.00,199641.00
3,"PA",38180.00,690699.00
3,"RI",5217.00,72162.00
3,"SC",29194.00,228525.00
3,"SD",1685.00,85711.00
3,"TN",22825.00,429110.00
3,"TX",131401.00,0.00
3,"UT",12637.00,124833.00
3,"VA",33142.00,328001.00
3,"VT",931.00,44869.00
3,"WA",12075.00,384736.00
3,"WI",13728.00,289395.00
3,"WV",6628.00,188908.00
3,"WY",1515.00,29981.00
4,"AK",973.00,137860.00
4,"AL",15848.00,281856.00
4,"AR",11392.00,292093.00
4,"AZ",38043.00,589575.00
4,"CA",111493.00,3221572.00
4,"CO",8455.00,692576.00
4,"CT",12208.00,260994.00
4,"DC",1585.00,47386.00
4,"DE",3552.00,80235.00
4,"FL",72143.00,1561769.00
4,"GA",43700.00,500774.00
4,"HI",758.00,0.00
4,"IA",6472.00,274628.00
4,"ID",3358.00,136703.00
4,"IL",25346.00,1156131.00
4,"IN",16524.00,771377.00
4,"KS",8032.00,238735.00
4,"KY",16741.00,322756.00
4,"LA",17021.00,373914.00
4,"MA",25267.00,580006.00
4,"MD",13021.00,449405.00
4,"ME",2536.00,171714.00
4,"MI",10421.00,1013799.00
4,"MN",7011.00,613168.00
4,"MO",11706.00,563249.00
4,"MS",10376.00,150569.00
4,"MT",2352.00,140617.00
4,"NC",35367.00,814916.00
4,"ND",813.00,125191.00
4,"NE",3716.00,229031.00
4,"NH",3786.00,19715.00
4,"NJ",35007.00,687624.00
4,"NM",4960.00,346177.00
4,"NV",7636.00,195466.00
4,"NY",46203.00,1607693.00
4,"OH",32940.00,769456.00
4,"OK",14339.00,407618.00
4,"OR",4816.00,371700.00
4,"PA",39282.00,1205562.00
4,"RI",4186.00,117456.00
4,"SC",24790.00,371800.00
4,"SD",1107.00,164694.00
4,"TN",18831.00,852307.00
4,"TX",120181.00,0.00
4,"UT",10541.00,226079.00
4,"VA",32332.00,647582.00
4,"VT",801.00,81467.00
4,"WA",11457.00,661220.00
4,"WI",10994.00,515098.00
4,"WV",5588.00,333199.00
4,"WY",1121.00,49245.00
5,"AK",921.00,211743.00
5,"AL",11460.00,500868.00
5,"AR",11677.00,490779.00
5,"AZ",25735.00,891120.00
5,"CA",80107.00,4713120.00
5,"CO",10834.00,1072581.00
5,"CT",9349.00,445240.00
5,"DC",1215.00,70746.00
5,"DE",2633.00,129155.00
5,"FL",57180.00,2969707.00
5,"GA",31544.00,1011349.00
5,"HI",617.00,0.00
5,"IA",5381.00,478144.00
5,"ID",2526.00,206934.00
5,"IL",20408.00,1737423.00
5,"IN",13112.00,1048385.00
5,"KS",6877.00,404344.00
5,"KY",14680.00,613010.00
5,"LA",12585.00,797678.00
5,"MA",19467.00,963006.00
5,"MD",9177.00,817883.00
5,"ME",1894.00,263655.00
5,"MI",8769.00,1671877.00
5,"MN",6398.00,932574.00
5,"MO",9785.00,794978.00
5,"MS",6593.00,256610.00
5,"MT",1955.00,228373.00
5,"NC",28668.00,1452562.00
5,"ND",525.00,202486.00
5,"NE",2851.00,395650.00
5,"NH",2699.00,32587.00
5,"NJ",25292.00,1167059.00
5,"NM",3675.00,564770.00
5,"NV",6042.00,328150.00
5,"NY",32725.00,2739521.00
5,"OH",25298.00,1560219.00
5,"OK",11509.00,802715.00
5,"OR",4325.00,679038.00
5,"PA",26365.00,1881990.00
5,"RI",3163.00,190772.00
5,"SC",18686.00,629896.00
5,"SD",1062.00,250947.00
5,"TN",15330.00,1392536.00
5,"TX",127641.00,0.00
5,"UT",8270.00,488490.00
5,"VA",24346.00,1151699.00
5,"VT",847.00,139049.00
5,"WA",8179.00,1074553.00
5,"WI",9019.00,831836.00
5,"WV",3850.00,545882.00
5,"WY",914.00,90079.00
6,"AK",931.00,333125.00
6,"AL",8388.00,809438.00
6,"AR",6498.00,784777.00
6,"AZ",16251.00,1490110.00
6,"CA",52192.00,7112192.00
6,"CO",8728.00,1686507.00
6,"CT",7965.00,660324.00
6,"DC",919.00,121747.00
6,"DE",2533.00,184043.00
6,"FL",49551.00,5887081.00
6,"GA",25406.00,1899388.00
6,"HI",404.00,0.00
6,"IA",4782.00,699841.00
6,"ID",2274.00,315479.00
6,"IL",16242.00,2383621.00
6,"IN",9754.00,1558660.00
6,"KS",4540.00,638312.00
6,"KY",10788.00,1114494.00
6,"LA",8724.00,1419974.00
6,"MA",15068.00,1437708.00
6,"MD",7333.00,1384877.00
6,"ME",1311.00,354429.00
6,"MI",9528.00,2782327.00
6,"MN",5574.00,1294587.00
6,"MO",6433.00,1202902.00
6,"MS",5143.00,581183.00
6,"MT",1580.00,322551.00
6,"NC",23035.00,2565336.00
6,"ND",442.00,293375.00
6,"NE",3606.00,554970.00
6,"NH",2444.00,46765.00
6,"NJ",25984.00,2032005.00
6,"NM",3075.00,842814.00
6,"NV",4445.00,566559.00
6,"NY",29238.00,4588359.00
6,"OH",19462.00,2501109.00
6,"OK",6938.00,1401356.00
6,"OR",3293.00,1096901.00
6,"PA",26740.00,2716002.00
6,"RI",2592.00,265177.00
6,"SC",16721.00,974993.00
6,"SD",1073.00,348158.00
6,"TN",12917.00,1885942.00
6,"TX",76344.00,0.00
6,"UT",6884.00,741350.00
6,"VA",20874.00,1902385.00
6,"VT",784.00,200618.00
6,"WA",8072.00,1634041.00
6,"WI",6635.00,1333192.00
6,"WV",3092.00,808069.00
6,"WY",468.00,151150.00
7,"AK",904.00,485645.00
7,"AL",5677.00,1240865.00
7,"AR",2668.00,1034888.00
7,"AZ",10861.00,2214549.00
7,"CA",34347.00,11313635.00
7,"CO",6829.00,2326827.00
7,"CT",5764.00,990293.00
7,"DC",757.00,188331.00
7,"DE",1790.00,262658.00
7,"FL",40946.00,8743733.00
7,"GA",20939.00,3278304.00
7,"HI",282.00,0.00
7,"IA",3509.00,904444.00
7,"ID",1667.00,525179.00
7,"IL",12301.00,3286480.00
7,"IN",7087.00,2558640.00
7,"KS",4730.00,910120.00
7,"KY",7777.00,1565882.00
7,"LA",3702.00,1905466.00
7,"MA",11869.00,2121221.00
7,"MD",5372.00,2050373.00
7,"ME",969.00,481308.00
7,"MI",7959.00,3969573.00
7,"MN",5366.00,1902846.00
7,"MO",4778.00,1865317.00
7,"MS",3698.00,924714.00
7,"MT",1344.00,432266.00
7,"NC",17875.00,4131739.00
7,"ND",680.00,378103.00
7,"NE",1724.00,728042.00
7,"NH",2656.00,64554.00
7,"NJ",20555.00,3115176.00
7,"NM",2186.00,1202884.00
7,"NV",2835.00,878098.00
7,"NY",23907.00,6995558.00
7,"OH",14765.00,3711284.00
7,"OK",3582.00,1786442.00
7,"OR",2677.00,1527468.00
7,"PA",19247.00,3756896.00
7,"RI",2257.00,355405.00
7,"SC",11898.00,1486746.00
7,"SD",960.00,458296.00
7,"TN",7388.00,2291414.00
7,"TX",30490.00,0.00
7,"UT",5450.00,878795.00
7,"VA",14116.00,2917282.00
7,"VT",690.00,259949.00
7,"WA",5794.00,2363982.00
7,"WI",5138.00,1984854.00
7,"WV",2082.00,1054544.00
7,"WY",597.00,233947.00
8,"AK",820.00,649111.00
8,"AL",5267.00,1820968.00
8,"AR",3965.00,1274126.00
8,"AZ",9664.00,3036791.00
8,"CA",25948.00,15801075.00
8,"CO",7650.00,2919035.00
8,"CT",6845.00,1311873.00
8,"DC",925.00,239229.00
8,"DE",2078.00,376947.00
8,"FL",38996.00,10490201.00
8,"GA",20440.00,4654092.00
8,"HI",408.00,0.00
8,"IA",3779.00,1114496.00
8,"ID",1990.00,750859.00
8,"IL",12623.00,4485913.00
8,"IN",6369.00,3389384.00
8,"KS",2831.00,1236535.00
8,"KY",7027.00,2054677.00
8,"LA",6305.00,2254911.00
8,"MA",11916.00,2893729.00
8,"MD",5744.00,2863533.00
8,"ME",1137.00,655159.00
8,"MI",8480.00,5116012.00
8,"MN",5633.00,2720650.00
8,"MO",4208.00,2543042.00
8,"MS",3574.00,1156738.00
8,"MT",1196.00,562355.00
8,"NC",14942.00,5598991.00
8,"ND",532.00,467717.00
8,"NE",1969.00,914272.00
8,"NH",2005.00,81382.00
8,"NJ",22593.00,4299614.00
8,"NM",2413.00,1521368.00
8,"NV",2817.00,1326580.00
8,"NY",23949.00,9111591.00
8,"OH",13848.00,5243601.00
8,"OK",3231.00,2348851.00
8,"OR",2604.00,2092476.00
8,"PA",18106.00,4981231.00
8,"RI",2569.00,454653.00
8,"SC",10032.00,2070177.00
8,"SD",1128.00,574506.00
8,"TN",8930.00,2708614.00
8,"TX",56592.00,0.00
8,"UT",4736.00,1114836.00
8,"VA",11935.00,4054875.00
8,"VT",675.00,324384.00
8,"WA",6013.00,3333213.00
8,"WI",5097.00,2866246.00
8,"WV",2216.00,1259071.00
8,"WY",667.00,315612.00
9,"AK",876.00,759035.00
9,"AL",3812.00,2482147.00
9,"AR",5458.00,1738626.00
9,"AZ",9412.00,4241331.00
9,"CA",21030.00,21016714.00
9,"CO",8300.00,3553156.00
9,"CT",5384.00,1734531.00
9,"DC",795.00,313178.00
9,"DE",1619.00,573039.00
9,"FL",36416.00,12181531.00
9,"GA",17591.00,5542498.00
9,"HI",355.00,0.00
9,"IA",3251.00,1464545.00
9,"ID",1791.00,999390.00
9,"IL",11820.00,6390396.00
9,"IN",5665.00,4307860.00
9,"KS",2198.00,1590833.00
9,"KY",5182.00,2650446.00
9,"LA",4453.00,2775896.00
9,"MA",10251.00,3947008.00
9,"MD",5220.00,3810502.00
9,"ME",1158.00,800261.00
9,"MI",10863.00,6267262.00
9,"MN",5326.00,3524154.00
9,"MO",3900.00,3260406.00
9,"MS",2655.00,1653679.00
9,"MT",1005.00,728009.00
9,"NC",12088.00,6743866.00
9,"ND",582.00,578070.00
9,"NE",1933.00,1211309.00
9,"NH",1529.00,95225.00
9,"NJ",23123.00,5514939.00
9,"NM",1854.00,1879147.00
9,"NV",2472.00,1748519.00
9,"NY",23663.00,11116413.00
9,"OH",11582.00,6863643.00
9,"OK",2517.00,3071246.00
9,"OR",1764.00,2668793.00
9,"PA",17288.00,6559701.00
9,"RI",2327.00,571558.00
9,"SC",7596.00,2766966.00
9,"SD",1085.00,702385.00
9,"TN",6976.00,3476586.00
9,"TX",43656.00,0.00
9,"UT",3668.00,1371575.00
9,"VA",9650.00,5488468.00
9,"VT",830.00,396415.00
9,"WA",4843.00,4678977.00
9,"WI",4391.00,3873265.00
9,"WV",1710.00,1489113.00
9,"WY",414.00,402590.00
10,"AK",922.00,882150.00
10,"AL",3081.00,3133995.00
10,"AR",2160.00,2033753.00
10,"AZ",6975.00,5471337.00
10,"CA",18418.00,24939195.00
10,"CO",6991.00,4375415.00
10,"CT",5247.00,2372675.00
10,"DC",1159.00,393278.00
10,"DE",1363.00,747860.00
10,"FL",31603.00,14541416.00
10,"GA",11189.00,6555691.00
10,"HI",444.00,0.00
10,"IA",3237.00,2314867.00
10,"ID",2305.00,1284774.00
10,"IL",10580.00,8588126.00
10,"IN",5434.00,5263152.00
10,"KS",1887.00,1973677.00
10,"KY",4576.00,3247728.00
10,"LA",3437.00,3352476.00
10,"MA",10685.00,5267758.00
10,"MD",6122.00,4735104.00
10,"ME",1233.00,1089266.00
10,"MI",15070.00,7297237.00
10,"MN",6388.00,4430394.00
10,"MO",4137.00,4001820.00
10,"MS",2809.00,2056151.00
10,"MT",884.00,933972.00
10,"NC",10891.00,7856562.00
10,"ND",585.00,674035.00
10,"NE",1811.00,1548016.00
10,"NH",1624.00,110403.00
10,"NJ",24625.00,6766808.00
10,"NM",1425.00,2209867.00
10,"NV",3105.00,2170058.00
10,"NY",22384.00,13407277.00
10,"OH",10562.00,8566361.00
10,"OK",2484.00,3499072.00
10,"OR",2313.00,3150468.00
10,"PA",17311.00,8209636.00
10,"RI",2353.00,692000.00
10,"SC",6327.00,3692404.00
10,"SD",1115.00,836993.00
10,"TN",7671.00,4216713.00
10,"TX",31890.00,0.00
10,"UT",3545.00,1683573.00
10,"VA",9035.00,6706622.00
10,"VT",707.00,476608.00
10,"WA",4841.00,5841611.00
10,"WI",3768.00,4690662.00
10,"WV",1859.00,1667713.00
10,"WY",399.00,497334.00
11,"AK",883.00,1003923.00
11,"AL",2901.00,3731333.00
11,"AR",1734.00,2282316.00
11,"AZ",3671.00,6687240.00
11,"CA",16001.00,30758907.00
11,"CO",7075.00,5318571.00
11,"CT",6114.00,3742633.00
11,"DC",743.00,489524.00
11,"DE",1585.00,871036.00
11,"FL",30584.00,18179891.00
11,"GA",11167.00,7500334.00
11,"HI",545.00,0.00
11,"IA",2895.00,3095270.00
11,"ID",2184.00,1547265.00
11,"IL",12585.00,11139886.00
11,"IN",5404.00,6186595.00
11,"KS",1762.00,2432310.00
11,"KY",4111.00,3947998.00
11,"LA",3255.00,3981033.00
11,"MA",12241.00,6632894.00
11,"MD",6582.00,5520468.00
11,"ME",1439.00,1362206.00
11,"MI",22625.00,8611995.00
11,"MN",7878.00,5381720.00
11,"MO",3553.00,4758134.00
11,"MS",1975.00,2393392.00
11,"MT",1240.00,1122264.00
11,"NC",11493.00,9738070.00
11,"ND",675.00,817701.00
11,"NE",1782.00,1889375.00
11,"NH",1997.00,137012.00
11,"NJ",27933.00,8139813.00
11,"NM",1393.00,2643056.00
11,"NV",1886.00,2616763.00
11,"NY",23637.00,16092308.00
11,"OH",10521.00,10384302.00
11,"OK",1840.00,3873324.00
11,"OR",1928.00,3703578.00
11,"PA",20219.00,10650030.00
11,"RI",2353.00,891875.00
11,"SC",7101.00,4261982.00
11,"SD",1230.00,1015439.00
11,"TN",8324.00,4900642.00
11,"TX",27424.00,0.00
11,"UT",3271.00,1960295.00
11,"VA",10169.00,7885041.00
11,"VT",838.00,574816.00
11,"WA",5386.00,6989345.00
11,"WI",3924.00,5607938.00
11,"WV",2329.00,1877809.00
11,"WY",418.00,578524.00
12,"AK",1072.00,1103878.00
12,"AL",2600.00,4206511.00
12,"AR",1313.00,2569424.00
12,"AZ",3569.00,7632333.00
12,"CA",15516.00,38327835.00
12,"CO",7769.00,6360652.00
12,"CT",8519.00,4377239.00
12,"DC",876.00,561943.00
12,"DE",1762.00,966029.00
12,"FL",33953.00,20876207.00
12,"GA",10296.00,8399523.00
12,"HI",663.00,0.00
12,"IA",3788.00,3707750.00
12,"ID",2008.00,1814182.00
12,"IL",15146.00,12927836.00
12,"IN",6083.00,7044085.00
12,"KS",1923.00,2920042.00
12,"KY",3817.00,4602766.00
12,"LA",3332.00,4567221.00
12,"MA",14699.00,7825600.00
12,"MD",8021.00,6251372.00
12,"ME",1189.00,1582892.00
12,"MI",37364.00,10153255.00
12,"MN",9560.00,6294772.00
12,"MO",3661.00,5522155.00
12,"MS",1629.00,2728423.00
12,"MT",1131.00,1262312.00
12,"NC",12215.00,11072687.00
12,"ND",932.00,936566.00
12,"NE",1872.00,2151157.00
12,"NH",2429.00,152041.00
12,"NJ",29495.00,9524918.00
12,"NM",1327.00,3096682.00
12,"NV",1967.00,3014220.00
12,"NY",25769.00,19066625.00
12,"OH",11784.00,11980954.00
12,"OK",1722.00,4403725.00
12,"OR",2382.00,4289720.00
12,"PA",25039.00,12654601.00
12,"RI",2844.00,1262356.00
12,"SC",6618.00,4794145.00
12,"SD",1358.00,1205112.00
12,"TN",8264.00,5694111.00
12,"TX",25486.00,0.00
12,"UT",2919.00,2265671.00
12,"VA",10463.00,8867064.00
12,"VT",990.00,675986.00
12,"WA",6203.00,8105179.00
12,"WI",4694.00,6645981.00
12,"WV",2838.00,2099323.00
12,"WY",465.00,644155.00
13,"AK",1232.00,1208903.00
13,"AL",2470.00,4704861.00
13,"AR",1110.00,3003777.00
13,"AZ",4504.00,8780577.00
13,"CA",15222.00,45654555.00
13,"CO",9304.00,7146305.00
13,"CT",8746.00,5139244.00
13,"DC",881.00,699787.00
13,"DE",2317.00,1127156.00
13,"FL",36879.00,24067743.00
13,"GA",9250.00,9229192.00
13,"HI",820.00,0.00
13,"IA",3696.00,4324914.00
13,"ID",1753.00,2078388.00
13,"IL",18607.00,14750026.00
13,"IN",7022.00,8040723.00
13,"KS",1440.00,3505117.00
13,"KY",3575.00,5547086.00
13,"LA",2400.00,5388917.00
13,"MA",15676.00,9216345.00
13,"MD",9285.00,7365635.00
13,"ME",2112.00,1884478.00
13,"MI",43328.00,12038927.00
13,"MN",12434.00,7506096.00
13,"MO",3645.00,6633465.00
13,"MS",1442.00,3222820.00
13,"MT",940.00,1458883.00
13,"NC",11499.00,12741996.00
13,"ND",1055.00,1106960.00
13,"NE",3694.00,2538380.00
13,"NH",2703.00,236185.00
13,"NJ",31253.00,11583007.00
13,"NM",1265.00,3547090.00
13,"NV",1998.00,3488187.00
13,"NY",28082.00,24142346.00
13,"OH",13408.00,13962160.00
13,"OK",1604.00,5179938.00
13,"OR",2778.00,4976028.00
13,"PA",29195.00,15166950.00
13,"RI",2838.00,1569755.00
13,"SC",6157.00,5521052.00
13,"SD",1280.00,1408144.00
13,"TN",7563.00,6806693.00
13,"TX",23145.00,0.00
13,"UT",2824.00,2619411.00
13,"VA",9781.00,10306894.00
13,"VT",1262.00,809951.00
13,"WA",7350.00,9685189.00
13,"WI",4927.00,7769794.00
13,"WV",2790.00,2426448.00
13,"WY",401.00,739059.00
14,"AK",1194.00,1341087.00
14,"AL",2837.00,5340830.00
14,"AR",1083.00,3522267.00
14,"AZ",4558.00,10054026.00
14,"CA",15649.00,53440914.00
14,"CO",10542.00,8135669.00
14,"CT",7630.00,6067736.00
14,"DC",830.00,840078.00
14,"DE",2157.00,1295517.00
14,"FL",40580.00,28143194.00
14,"GA",9020.00,10452181.00
14,"HI",710.00,0.00
14,"IA",3635.00,4910625.00
14,"ID",2193.00,2355321.00
14,"IL",22645.00,16912221.00
14,"IN",7606.00,9078017.00
14,"KS",1363.00,4091861.00
14,"KY",3716.00,6586765.00
14,"LA",3369.00,6169138.00
14,"MA",14346.00,10806356.00
14,"MD",9401.00,8846773.00
14,"ME",2198.00,2289218.00
14,"MI",47837.00,14009308.00
14,"MN",14010.00,8814420.00
14,"MO",3986.00,7841656.00
14,"MS",1524.00,3728292.00
14,"MT",1033.00,1666946.00
14,"NC",12307.00,14478458.00
14,"ND",1107.00,1275135.00
14,"NE",2396.00,2920977.00
14,"NH",2998.00,493280.00
14,"NJ",26707.00,13867950.00
14,"NM",1216.00,4011485.00
14,"NV",2788.00,4013974.00
14,"NY",27027.00,30046725.00
14,"OH",13589.00,16164028.00
14,"OK",1590.00,6028597.00
14,"OR",3605.00,5792398.00
14,"PA",30225.00,17455781.00
14,"RI",3024.00,1871081.00
14,"SC",5688.00,6398704.00
14,"SD",1344.00,1588921.00
14,"TN",8067.00,7894785.00
14,"TX",24287.00,0.00
14,"UT",2763.00,3219269.00
14,"VA",10404.00,12136127.00
14,"VT",1022.00,981637.00
14,"WA",7720.00,11320638.00
14,"WI",6311.00,9058589.00
14,"WV",2648.00,2762088.00
14,"WY",426.00,820692.00
15,"AK",1048.00,1557077.00
15,"AL",2888.00,6217065.00
15,"AR",1354.00,4196655.00
15,"AZ",4029.00,11740774.00
15,"CA",15129.00,63945440.00
15,"CO",11585.00,9564627.00
15,"CT",8255.00,7312821.00
15,"DC",817.00,1069313.00
15,"DE",2556.00,1573094.00
15,"FL",42603.00,33693944.00
15,"GA",10600.00,12457955.00
15,"HI",650.00,0.00
15,"IA",3255.00,5798408.00
15,"ID",1574.00,2719859.00
15,"IL",22745.00,20558403.00
15,"IN",8052.00,10327470.00
15,"KS",1625.00,4931669.00
15,"KY",4211.00,7913509.00
15,"LA",3582.00,7137501.00
15,"MA",13672.00,12990443.00
15,"MD",9298.00,10760515.00
15,"ME",3322.00,2811866.00
15,"MI",40848.00,16732877.00
15,"MN",14259.00,10612377.00
15,"MO",14226.00,9323170.00
15,"MS",1697.00,4297359.00
15,"MT",947.00,1942753.00
15,"NC",14133.00,17289588.00
15,"ND",1009.00,1477911.00
15,"NE",2091.00,3477392.00
15,"NH",2833.00,895331.00
15,"NJ",25601.00,16721312.00
15,"NM",1703.00,4553077.00
15,"NV",2763.00,4779823.00
15,"NY",23753.00,36137593.00
15,"OH",14499.00,19453169.00
15,"OK",1635.00,6981144.00
15,"OR",4416.00,6851739.00
15,"PA",34642.00,21523491.00
15,"RI",2660.00,2215114.00
15,"SC",6641.00,7787802.00
15,"SD",1351.00,1813612.00
15,"TN",8158.00,9260348.00
15,"TX",23563.00,0.00
15,"UT",2749.00,3952242.00
15,"VA",10581.00,14483503.00
15,"VT",852.00,1219731.00
15,"WA",9290.00,13353429.00
15,"WI",6048.00,10896778.00
15,"WV",2763.00,3129649.00
15,"WY",431.00,949969.00
16,"AK",1064.00,1685151.00
16,"AL",2758.00,7064435.00
16,"AR",1235.00,4755291.00
16,"AZ",5026.00,13383811.00
16,"CA",13226.00,73819595.00
16,"CO",11647.00,11018536.00
16,"CT",5647.00,8324253.00
16,"DC",640.00,1265426.00
16,"DE",2104.00,1854255.00
16,"FL",41225.00,38300764.00
16,"GA",9552.00,15197209.00
16,"HI",559.00,0.00
16,"IA",2968.00,6523777.00
16,"ID",1326.00,3039274.00
16,"IL",19423.00,23774200.00
16,"IN",6839.00,11451587.00
16,"KS",1675.00,5669610.00
16,"KY",3536.00,9014056.00
16,"LA",3418.00,8009857.00
16,"MA",10320.00,14902273.00
16,"MD",7229.00,12521532.00
16,"ME",2492.00,3208933.00
16,"MI",29617.00,19109706.00
16,"MN",12151.00,11923924.00
16,"MO",-6148.00,10518972.00
16,"MS",1675.00,4770370.00
16,"MT",959.00,2165556.00
16,"NC",12454.00,19780539.00
16,"ND",934.00,1617360.00
16,"NE",2435.00,3902011.00
16,"NH",2263.00,1037202.00
16,"NJ",20493.00,18913455.00
16,"NM",1358.00,5013598.00
16,"NV",2653.00,5376549.00
16,"NY",17600.00,40958022.00
16,"OH",11334.00,22680996.00
16,"OK",1554.00,7709311.00
16,"OR",5429.00,7730123.00
16,"PA",27398.00,24818687.00
16,"RI",1994.00,2423777.00
16,"SC",5220.00,8819925.00
16,"SD",930.00,1999219.00
16,"TN",7127.00,10587900.00
16,"TX",23278.00,0.00
16,"UT",2641.00,4656607.00
16,"VA",8077.00,16800561.00
16,"VT",585.00,1409505.00
16,"WA",9879.00,15073309.00
16,"WI",5112.00,12511590.00
16,"WV",2551.00,3449619.00
16,"WY",433.00,1019446.00
17,"AK",995.00,1775456.00
17,"AL",2670.00,7853138.00
17,"AR",1326.00,5252077.00
17,"AZ",5495.00,14964111.00
17,"CA",11726.00,82942945.00
17,"CO",12129.00,12676642.00
17,"CT",4181.00,9378288.00
17,"DC",529.00,1465520.00
17,"DE",1659.00,2141135.00
17,"FL",34411.00,43053821.00
17,"GA",8635.00,17429054.00
17,"HI",717.00,0.00
17,"IA",2496.00,7273932.00
17,"ID",1502.00,3342651.00
17,"IL",18870.00,26608290.00
17,"IN",7618.00,12668914.00
17,"KS",1765.00,6311074.00
17,"KY",3789.00,9834296.00
17,"LA",2996.00,8663934.00
17,"MA",8709.00,16978042.00
17,"MD",5732.00,14093890.00
17,"ME",2070.00,3566300.00
17,"MI",23190.00,21646913.00
17,"MN",10837.00,13292816.00
17,"MO",5021.00,11689800.00
17,"MS",1450.00,5120334.00
17,"MT",937.00,2379875.00
17,"NC",11538.00,21798236.00
17,"ND",1020.00,1725631.00
17,"NE",1396.00,4303091.00
17,"NH",1621.00,1056729.00
17,"NJ",11620.00,21247733.00
17,"NM",1517.00,5448489.00
17,"NV",2585.00,5855938.00
17,"NY",13777.00,45705390.00
17,"OH",10586.00,25649672.00
17,"OK",1523.00,8301121.00
17,"OR",5667.00,8754891.00
17,"PA",22811.00,27987055.00
17,"RI",1686.00,2639832.00
17,"SC",4631.00,9750307.00
17,"SD",702.00,2221031.00
17,"TN",6312.00,11884310.00
17,"TX",23775.00,0.00
17,"UT",2583.00,5185166.00
17,"VA",7104.00,19064106.00
17,"VT",516.00,1566517.00
17,"WA",9467.00,16780856.00
17,"WI",5148.00,14074283.00
17,"WV",2430.00,3724339.00
17,"WY",454.00,1100261.00
18,"AK",698.00,1859932.00
18,"AL",2365.00,8518557.00
18,"AR",1447.00,5669879.00
18,"AZ",4811.00,16111282.00
18,"CA",10643.00,91648162.00
18,"CO",9578.00,14184567.00
18,"CT",3324.00,10383038.00
18,"DC",416.00,1629578.00
18,"DE",1233.00,2381463.00
18,"FL",27125.00,47027895.00
18,"GA",7843.00,19438737.00
18,"HI",658.00,0.00
18,"IA",2333.00,8026755.00
18,"ID",1125.00,3589093.00
18,"IL",15358.00,28887150.00
18,"IN",7234.00,14038371.00
18,"KS",1395.00,6818710.00
18,"KY",3504.00,10443020.00
18,"LA",3303.00,9054034.00
18,"MA",6261.00,19019941.00
18,"MD",4136.00,15426500.00
18,"ME",2147.00,3954876.00
18,"MI",15394.00,23759239.00
18,"MN",9435.00,14534944.00
18,"MO",3589.00,12714254.00
18,"MS",1511.00,5446693.00
18,"MT",904.00,2562457.00
18,"NC",9743.00,23912480.00
18,"ND",774.00,1789476.00
18,"NE",1233.00,4730588.00
18,"NH",1338.00,1720203.00
18,"NJ",8743.00,23407600.00
18,"NM",1576.00,5912268.00
18,"NV",2541.00,6411590.00
18,"NY",10802.00,50760858.00
18,"OH",8796.00,27809956.00
18,"OK",1288.00,8724030.00
18,"OR",5207.00,9686952.00
18,"PA",18183.00,30798940.00
18,"RI",1327.00,2898967.00
18,"SC",4168.00,10536785.00
18,"SD",570.00,2388467.00
18,"TN",5520.00,13091581.00
18,"TX",16981.00,0.00
18,"UT",2387.00,5706722.00
18,"VA",5336.00,21167272.00
18,"VT",409.00,1734516.00
18,"WA",9184.00,18375857.00
18,"WI",4633.00,15281599.00
18,"WV",2503.00,3931543.00
18,"WY",479.00,1160602.00
19,"AK",530.00,1910047.00
19,"AL",2026.00,9178110.00
19,"AR",1272.00,6010376.00
19,"AZ",4114.00,17257482.00
19,"CA",8911.00,101467432.00
19,"CO",8688.00,15848124.00
19,"CT",2204.00,11508036.00
19,"DC",324.00,1851992.00
19,"DE",858.00,2585655.00
19,"FL",22608.00,52039296.00
19,"GA",5742.00,21102914.00
19,"HI",524.00,0.00
19,"IA",1669.00,8653731.00
19,"ID",1103.00,3785625.00
19,"IL",11794.00,31456071.00
19,"IN",5925.00,15332087.00
19,"KS",1131.00,7289783.00
19,"KY",2862.00,11102621.00
19,"LA",3066.00,9607783.00
19,"MA",4950.00,21333421.00
19,"MD",2879.00,17077659.00
19,"ME",1721.00,4379376.00
19,"MI",10634.00,25900277.00
19,"MN",6663.00,15840078.00
19,"MO",2998.00,13701476.00
19,"MS",1204.00,5697944.00
19,"MT",755.00,2703312.00
19,"NC",7297.00,25486252.00
19,"ND",622.00,1849045.00
19,"NE",952.00,5215385.00
19,"NH",1062.00,2773724.00
19,"NJ",2935.00,25727813.00
19,"NM",1306.00,6327855.00
19,"NV",2473.00,6993551.00
19,"NY",8436.00,55764181.00
19,"OH",7461.00,29879954.00
19,"OK",901.00,9043745.00
19,"OR",4375.00,10893554.00
19,"PA",12844.00,33535050.00
19,"RI",924.00,3198878.00
19,"SC",2918.00,11240734.00
19,"SD",399.00,2493164.00
19,"TN",4265.00,14317867.00
19,"TX",15545.00,0.00
19,"UT",2205.00,6282580.00
19,"VA",3534.00,23121111.00
19,"VT",343.00,1921079.00
19,"WA",8084.00,20283992.00
19,"WI",3585.00,16451513.00
19,"WV",2229.00,4075035.00
19,"WY",456.00,1213249.00
20,"AK",411.00,1955359.00
20,"AL",1822.00,9636567.00
20,"AR",1353.00,6271415.00
20,"AZ",3915.00,18106060.00
20,"CA",7494.00,110132694.00
20,"CO",5899.00,17002655.00
20,"CT",1256.00,12385259.00
20,"DC",188.00,2094279.00
20,"DE",700.00,2725064.00
20,"FL",18383.00,55624157.00
20,"GA",4542.00,22164963.00
20,"HI",546.00,0.00
20,"IA",1287.00,9148434.00
20,"ID",1143.00,3960434.00
20,"IL",9545.00,33554408.00
20,"IN",4890.00,16412489.00
20,"KS",1262.00,7537715.00
20,"KY",2587.00,11580561.00
20,"LA",2807.00,9883132.00
20,"MA",3306.00,23187015.00
20,"MD",2288.00,18461080.00
20,"ME",1264.00,4723799.00
20,"MI",7148.00,27593204.00
20,"MN",4705.00,17008042.00
20,"MO",3011.00,14381459.00
20,"MS",1157.00,5860703.00
20,"MT",524.00,2814371.00
20,"NC",6018.00,26587119.00
20,"ND",499.00,1890822.00
20,"NE",523.00,5448143.00
20,"NH",681.00,3068907.00
20,"NJ",3297.00,27472274.00
20,"NM",1157.00,6633793.00
20,"NV",1768.00,7422935.00
20,"NY",6150.00,59510921.00
20,"OH",6341.00,31262945.00
20,"OK",830.00,9296353.00
20,"OR",3177.00,11878507.00
20,"PA",9881.00,35975314.00
20,"RI",661.00,3563232.00
20,"SC",2402.00,11710420.00
20,"SD",264.00,2563844.00
20,"TN",3532.00,15105875.00
20,"TX",12075.00,0.00
20,"UT",1921.00,6787205.00
20,"VA",2845.00,24826638.00
20,"VT",221.00,2107162.00
20,"WA",6649.00,22160276.00
20,"WI",2839.00,17292525.00
20,"WV",1710.00,4178991.00
20,"WY",579.00,1248970.00
21,"AK",292.00,1993639.00
21,"AL",1220.00,9961396.00
21,"AR",1250.00,6476710.00
21,"AZ",4055.00,18845373.00
21,"CA",6389.00,116868107.00
21,"CO",5436.00,17919610.00
21,"CT",943.00,13060200.00
21,"DC",205.00,2259499.00
21,"DE",467.00,2871725.00
21,"FL",13791.00,58407949.00
21,"GA",3729.00,22985829.00
21,"HI",279.00,0.00
21,"IA",814.00,9511800.00
21,"ID",887.00,4089963.00
21,"IL",6498.00,35226296.00
21,"IN",3712.00,17231393.00
21,"KS",1013.00,7751759.00
21,"KY",1899.00,11955042.00
21,"LA",2919.00,10168875.00
21,"MA",1987.00,24865301.00
21,"MD",1419.00,19664481.00
21,"ME",759.00,5012389.00
21,"MI",3859.00,28894984.00
21,"MN",2778.00,17971980.00
21,"MO",3120.00,14819620.00
21,"MS",994.00,6011594.00
21,"MT",617.00,2896943.00
21,"NC",4619.00,27480383.00
21,"ND",332.00,1928786.00
21,"NE",357.00,5643573.00
21,"NH",455.00,3844517.00
21,"NJ",2102.00,28909432.00
21,"NM",945.00,6899032.00
21,"NV",1389.00,7772190.00
21,"NY",4002.00,62523305.00
21,"OH",4940.00,32341548.00
21,"OK",704.00,9486829.00
21,"OR",2648.00,12859741.00
21,"PA",6362.00,38030270.00
21,"RI",425.00,3745548.00
21,"SC",2006.00,12099814.00
21,"SD",250.00,2609185.00
21,"TN",2203.00,15625705.00
21,"TX",12002.00,0.00
21,"UT",1605.00,7151397.00
21,"VA",2363.00,26310903.00
21,"VT",105.00,2322258.00
21,"WA",7401.00,23906459.00
21,"WI",1875.00,17956263.00
21,"WV",1489.00,4266134.00
21,"WY",493.00,1280820.00
22,"AK",235.00,2025440.00
22,"AL",1081.00,10068284.00
22,"AR",1055.00,6639282.00
22,"AZ",2848.00,19347875.00
22,"CA",5797.00,121143016.00
22,"CO",4095.00,18508821.00
22,"CT",560.00,13488461.00
22,"DC",159.00,2339814.00
22,"DE",270.00,2988383.00
22,"FL",12546.00,60491156.00
22,"GA",2511.00,23999564.00
22,"HI",394.00,0.00
22,"IA",625.00,9745663.00
22,"ID",820.00,4179920.00
22,"IL",3840.00,36335267.00
22,"IN",3216.00,17773195.00
22,"KS",791.00,7910843.00
22,"KY",1260.00,12222798.00
22,"LA",2316.00,10384545.00
22,"MA",1157.00,26194282.00
22,"MD",864.00,20543925.00
22,"ME",494.00,5190193.00
22,"MI",2299.00,29695994.00
22,"MN",1323.00,18515772.00
22,"MO",2799.00,15119198.00
22,"MS",851.00,6124384.00
22,"MT",514.00,2946293.00
22,"NC",3229.00,28069628.00
22,"ND",264.00,1957746.00
22,"NE",275.00,5770619.00
22,"NH",199.00,4607987.00
22,"NJ",1806.00,29860919.00
22,"NM",613.00,7073979.00
22,"NV",1725.00,8023041.00
22,"NY",2508.00,64593346.00
22,"OH",2823.00,33126888.00
22,"OK",702.00,9628813.00
22,"OR",1991.00,13594410.00
22,"PA",3915.00,39515716.00
22,"RI",250.00,3872555.00
22,"SC",1428.00,12414167.00
22,"SD",93.00,2640459.00
22,"TN",1704.00,15991982.00
22,"TX",9285.00,0.00
22,"UT",1568.00,7324470.00
22,"VA",1349.00,27274451.00
22,"VT",67.00,2484592.00
22,"WA",4208.00,25154372.00
22,"WI",1107.00,18368354.00
22,"WV",905.00,4332237.00
22,"WY",477.00,1304944.00
23,"AK",179.00,2071046.00
23,"AL",987.00,10206700.00
23,"AR",1528.00,6782109.00
23,"AZ",3090.00,19915107.00
23,"CA",5912.00,126003269.00
23,"CO",4118.00,19145362.00
23,"CT",432.00,13976841.00
23,"DC",83.00,2399440.00
23,"DE",252.00,3091923.00
23,"FL",12325.00,62651718.00
23,"GA",2613.00,25154685.00
23,"HI",410.00,0.00
23,"IA",569.00,9979318.00
23,"ID",736.00,4264210.00
23,"IL",2394.00,37450870.00
23,"IN",2543.00,18283961.00
23,"KS",957.00,8060436.00
23,"KY",1530.00,12528001.00
23,"LA",1829.00,10612911.00
23,"MA",896.00,27513567.00
23,"MD",690.00,21365045.00
23,"ME",358.00,5359134.00
23,"MI",1523.00,30548573.00
23,"MN",1186.00,19054963.00
23,"MO",3803.00,15500181.00
23,"MS",804.00,6252611.00
23,"MT",491.00,3035240.00
23,"NC",2784.00,28759974.00
23,"ND",233.00,1983610.00
23,"NE",228.00,5916503.00
23,"NH",194.00,4855644.00
23,"NJ",1661.00,30929399.00
23,"NM",576.00,7225128.00
23,"NV",1685.00,8255202.00
23,"NY",1840.00,66877496.00
23,"OH",2416.00,34033607.00
23,"OK",989.00,9780713.00
23,"OR",1870.00,14242042.00
23,"PA",2997.00,40984251.00
23,"RI",196.00,4001224.00
23,"SC",1301.00,12775857.00
23,"SD",79.00,2682503.00
23,"TN",1239.00,16321118.00
23,"TX",14433.00,0.00
23,"UT",1945.00,7569550.00
23,"VA",1004.00,28286908.00
23,"VT",52.00,2611577.00
23,"WA",4109.00,26314195.00
23,"WI",893.00,18857285.00
23,"WV",673.00,4432217.00
23,"WY",479.00,1330764.00
24,"AK",162.00,2118592.00
24,"AL",992.00,10693180.00
24,"AR",1510.00,6951278.00
24,"AZ",2859.00,20553733.00
24,"CA",6326.00,131099549.00
24,"CO",2868.00,19880537.00
24,"CT",307.00,14497837.00
24,"DC",84.00,2467674.00
24,"DE",230.00,3211239.00
24,"FL",9530.00,65118273.00
24,"GA",2258.00,25572373.00
24,"HI",283.00,0.00
24,"IA",521.00,10243582.00
24,"ID",536.00,4357918.00
24,"IL",1642.00,38740847.00
24,"IN",2145.00,18874113.00
24,"KS",740.00,8260761.00
24,"KY",1169.00,12968437.00
24,"LA",2143.00,10870066.00
24,"MA",487.00,28420248.00
24,"MD",503.00,22412854.00
24,"ME",209.00,5564259.00
24,"MI",1120.00,31641521.00
24,"MN",786.00,19704142.00
24,"MO",4417.00,15985527.00
24,"MS",898.00,6400044.00
24,"MT",395.00,3111887.00
24,"NC",2694.00,29562843.00
24,"ND",126.00,2020033.00
24,"NE",197.00,6079926.00
24,"NH",187.00,5029267.00
24,"NJ",1618.00,32373378.00
24,"NM",666.00,7502394.00
24,"NV",1800.00,8558597.00
24,"NY",1365.00,69711615.00
24,"OH",1854.00,35098494.00
24,"OK",1056.00,10155723.00
24,"OR",1647.00,14945274.00
24,"PA",1846.00,42560718.00
24,"RI",157.00,4169182.00
24,"SC",1050.00,13167166.00
24,"SD",58.00,2737820.00
24,"TN",1041.00,16808401.00
24,"TX",8491.00,0.00
24,"UT",2150.00,7958316.00
24,"VA",855.00,29493528.00
24,"VT",32.00,2754171.00
24,"WA",3037.00,27519515.00
24,"WI",580.00,19342990.00
24,"WV",471.00,4555003.00
24,"WY",382.00,1362049.00
25,"AK",240.00,2155442.00
25,"AL",1265.00,11063283.00
25,"AR",2192.00,7099422.00
25,"AZ",3448.00,21091306.00
25,"CA",7528.00,134819437.00
25,"CO",3056.00,20476514.00
25,"CT",471.00,14849433.00
25,"DC",65.00,2535053.00
25,"DE",105.00,3306350.00
25,"FL",11214.00,67221238.00
25,"GA",2338.00,26314192.00
25,"HI",275.00,0.00
25,"IA",522.00,10453795.00
25,"ID",608.00,4437438.00
25,"IL",1742.00,39856735.00
25,"IN",1706.00,19340287.00
25,"KS",829.00,8415452.00
25,"KY",1107.00,13312743.00
25,"LA",2153.00,11091710.00
25,"MA",415.00,29210555.00
25,"MD",343.00,23009716.00
25,"ME",170.00,5694083.00
25,"MI",1000.00,32415462.00
25,"MN",640.00,20161708.00
25,"MO",5675.00,16494366.00
25,"MS",1109.00,6534014.00
25,"MT",359.00,3168067.00
25,"NC",2568.00,30208454.00
25,"ND",102.00,2048945.00
25,"NE",289.00,6268308.00
25,"NH",141.00,5157332.00
25,"NJ",1706.00,33448372.00
25,"NM",570.00,7762743.00
25,"NV",2833.00,8808097.00
25,"NY",838.00,71831543.00
25,"OH",1896.00,35969604.00
25,"OK",1422.00,10433827.00
25,"OR",1486.00,15383630.00
25,"PA",1349.00,43733851.00
25,"RI",146.00,4284712.00
25,"SC",1205.00,13558270.00
25,"SD",97.00,2773711.00
25,"TN",1159.00,17208488.00
25,"TX",8497.00,0.00
25,"UT",2154.00,8190520.00
25,"VA",1154.00,30386106.00
25,"VT",24.00,2829121.00
25,"WA",3201.00,28460043.00
25,"WI",578.00,19752187.00
25,"WV",380.00,4660863.00
25,"WY",464.00,1385222.00
26,"AK",272.00,2206931.00
26,"AL",1364.00,11217515.00
26,"AR",3418.00,7221176.00
26,"AZ",3807.00,21725523.00
26,"CA",10376.00,137954067.00
26,"CO",2008.00,20916464.00
26,"CT",353.00,15139160.00
26,"DC",73.00,2584721.00
26,"DE",189.00,3409952.00
26,"FL",15369.00,68850112.00
26,"GA",2804.00,27028102.00
26,"HI",301.00,0.00
26,"IA",594.00,10601085.00
26,"ID",502.00,4509996.00
26,"IL",2176.00,40957196.00
26,"IN",2081.00,19723732.00
26,"KS",1309.00,8556306.00
26,"KY",1155.00,13603589.00
26,"LA",3229.00,11333027.00
26,"MA",472.00,29729314.00
26,"MD",454.00,23722167.00
26,"ME",139.00,5773807.00
26,"MI",1164.00,32881094.00
26,"MN",620.00,20480024.00
26,"MO",6550.00,16770294.00
26,"MS",1102.00,6646168.00
26,"MT",347.00,3210724.00
26,"NC",3032.00,30694364.00
26,"ND",75.00,2073004.00
26,"NE",462.00,6446939.00
26,"NH",152.00,5323878.00
26,"NJ",1433.00,34308920.00
26,"NM",410.00,7973384.00
26,"NV",3180.00,9044242.00
26,"NY",1088.00,73649086.00
26,"OH",1743.00,36614127.00
26,"OK",1811.00,10638107.00
26,"OR",1151.00,15740159.00
26,"PA",1294.00,44496728.00
26,"RI",124.00,4368360.00
26,"SC",1257.00,13949532.00
26,"SD",95.00,2809151.00
26,"TN",1666.00,17588333.00
26,"TX",10030.00,0.00
26,"UT",2729.00,8354054.00
26,"VA",1234.00,30978510.00
26,"VT",26.00,2866132.00
26,"WA",2374.00,29080404.00
26,"WI",609.00,20219271.00
26,"WV",322.00,4734889.00
26,"WY",494.00,1411050.00
27,"AK",327.00,2262421.00
27,"AL",2450.00,11348015.00
27,"AR",5138.00,7319654.00
27,"AZ",4118.00,22252096.00
27,"CA",14009.00,140028815.00
27,"CO",1888.00,21180937.00
27,"CT",473.00,15310294.00
27,"DC",91.00,2621768.00
27,"DE",173.00,3459830.00
27,"FL",26540.00,70029649.00
27,"GA",4116.00,27525403.00
27,"HI",382.00,0.00
27,"IA",601.00,10701923.00
27,"ID",694.00,4556496.00
27,"IL",3170.00,41511422.00
27,"IN",2313.00,20164470.00
27,"KS",1933.00,8646945.00
27,"KY",1468.00,13776700.00
27,"LA",5292.00,11550572.00
27,"MA",730.00,30050350.00
27,"MD",581.00,24029563.00
27,"ME",111.00,5845766.00
27,"MI",976.00,33196075.00
27,"MN",699.00,20688204.00
27,"MO",10066.00,16970856.00
27,"MS",1786.00,6828843.00
27,"MT",377.00,3237981.00
27,"NC",4060.00,31046357.00
27,"ND",113.00,2090269.00
27,"NE",547.00,6506828.00
27,"NH",156.00,5425540.00
27,"NJ",1675.00,34782354.00
27,"NM",586.00,8118531.00
27,"NV",3530.00,9182055.00
27,"NY",1397.00,74730243.00
27,"OH",1747.00,37017374.00
27,"OK",2478.00,10758273.00
27,"OR",1246.00,16051826.00
27,"PA",1233.00,45085349.00
27,"RI",101.00,4413724.00
27,"SC",2107.00,14125399.00
27,"SD",93.00,2834391.00
27,"TN",2590.00,18038392.00
27,"TX",12373.00,0.00
27,"UT",2991.00,8467937.00
27,"VA",1564.00,31399773.00
27,"VT",41.00,2889878.00
27,"WA",2860.00,29552559.00
27,"WI",808.00,20543527.00
27,"WV",337.00,4803357.00
27,"WY",529.00,1437279.00
28,"AK",609.00,2288066.00
28,"AL",4558.00,11486064.00
28,"AR",6449.00,7409745.00
28,"AZ",5480.00,22522024.00
28,"CA",14495.00,141914941.00
28,"CO",2147.00,21433165.00
28,"CT",683.00,15460574.00
28,"DC",174.00,2649118.00
28,"DE",251.00,3501424.00
28,"FL",40340.00,71018793.00
28,"GA",5993.00,27806131.00
28,"HI",521.00,0.00
28,"IA",963.00,10782255.00
28,"ID",926.00,4597095.00
28,"IL",3919.00,42002273.00
28,"IN",2821.00,20383705.00
28,"KS",2724.00,8722474.00
28,"KY",2584.00,13925163.00
28,"LA",7590.00,11691495.00
28,"MA",1332.00,30302869.00
28,"MD",885.00,24308877.00
28,"ME",254.00,5891096.00
28,"MI",1199.00,33561561.00
28,"MN",1165.00,20860230.00
28,"MO",12297.00,17151287.00
28,"MS",2241.00,6990338.00
28,"MT",395.00,3263057.00
28,"NC",3648.00,31375691.00
28,"ND",152.00,2105190.00
28,"NE",538.00,6566758.00
28,"NH",179.00,5466172.00
28,"NJ",2166.00,35208750.00
28,"NM",838.00,8201238.00
28,"NV",4467.00,9289367.00
28,"NY",1881.00,75687879.00
28,"OH",2286.00,37337950.00
28,"OK",3846.00,10872443.00
28,"OR",1603.00,16201691.00
28,"PA",1758.00,45611623.00
28,"RI",202.00,4459188.00
28,"SC",2381.00,14279440.00
28,"SD",64.00,2855932.00
28,"TN",3019.00,18246735.00
28,"TX",16817.00,0.00
28,"UT",3231.00,9266148.00
28,"VA",2404.00,31764225.00
28,"VT",53.00,2909029.00
28,"WA",4415.00,29968110.00
28,"WI",1110.00,20718692.00
28,"WV",416.00,4860092.00
28,"WY",500.00,1452467.00
